SMILES,canonical_smiles,embedding
O=C(O)C1=CC=C(/N=N/C2=CC=C(C=C2)C(O)=O)C=C1,O=C(O)c1ccc(/N=N/c2ccc(C(=O)O)cc2)cc1,"[ 5.87520599e-02  5.30804813e-01  2.68168360e-01 -6.97995365e-01
  5.15351355e-01  4.05456990e-01 -6.32511303e-02 -4.06258434e-01
 -4.85028356e-01 -2.30418846e-01  1.51482224e-01 -4.92263854e-01
  1.73195720e-01 -2.47115538e-01 -4.38994378e-01  6.19704187e-01
  7.47401357e-01  1.93302438e-01  2.96721548e-01 -3.70881915e-01
  2.37161860e-01 -3.57912123e-01  2.25778326e-01  1.05168022e-01
 -6.64181888e-01  3.07873398e-01 -1.97333455e-01 -4.11198586e-01
  5.19908071e-01 -9.77335498e-02 -1.22549579e-01 -2.60516107e-01
  8.64377916e-01 -2.94463754e-01 -1.82535067e-01 -9.75572988e-02
 -3.40896189e-01 -1.93065152e-01 -4.07389939e-01  2.15930954e-01
 -6.43659413e-01 -6.79296494e-01  8.79645288e-01  6.04098737e-01
 -3.66110593e-01  6.48770452e-01  8.04473877e-01 -3.27086627e-01
  8.62705261e-02  3.94334763e-01 -2.19046891e-01  1.74679831e-02
  4.60269004e-01 -2.85057515e-01  2.17945382e-01  3.43503356e-01
  4.68537472e-02 -1.06358819e-01  6.72068059e-01  1.78452507e-01
  2.37393439e-01  3.88431311e-01 -2.30215490e-01 -4.20066535e-01
 -1.15566581e-01 -1.20147862e-01 -3.79902393e-01 -1.95755184e-01
  2.67448127e-01  2.74702251e-01  4.17474449e-01 -5.14969230e-01
  5.77860415e-01 -4.57813442e-02  5.10789633e-01 -1.72363386e-01
  6.10107422e-01  2.25223958e-01 -2.35969629e-02  2.02486992e-01
 -3.18401575e-01 -5.11662615e-03 -1.26357511e-01  2.77927458e-01
  1.63121223e-01  5.99796712e-01 -6.21087611e-01  1.05147846e-01
 -1.76230580e-01  3.05858850e-01 -9.96216834e-02 -7.23905385e-01
  2.33779371e-01  6.96015537e-01 -4.58503626e-02  6.03317022e-01
 -2.77674943e-01  7.92521313e-02  3.05014551e-01  9.37450305e-02
 -7.17307866e-01  7.17157423e-02 -1.83989361e-01  4.08691466e-01
  4.20687288e-01 -2.08258748e-01 -1.72272280e-01 -1.89957529e-01
 -2.38225654e-01  1.56732574e-02 -1.21544927e-01  5.58419786e-02
 -1.60671175e-01 -2.58228570e-01  5.96091092e-01 -3.48429710e-01
  6.58978641e-01  1.38841078e-01  4.79959905e-01 -7.55340755e-01
 -5.48609972e-01 -1.28872424e-01  4.14775282e-01  5.11632502e-01
 -3.71310890e-01  4.10970241e-01  4.72121954e-01  1.10084519e-01
  5.77708721e-01  7.77954087e-02  6.25491738e-01 -6.58391297e-01
  3.32143396e-01  4.97578084e-01 -4.46991861e-01  4.95263964e-01
  7.31644452e-01 -3.46263796e-01  3.31294596e-01  5.32291755e-02
 -2.61882156e-01  2.98318893e-01 -4.61514801e-01 -6.93392456e-01
  4.67388853e-02 -3.47648621e-01  4.49277788e-01 -4.19368565e-01
  7.29815289e-02  2.09947616e-01  8.14333737e-01  7.92096779e-02
 -1.21702194e-01 -4.42003071e-01  2.44964942e-01 -1.42187715e-01
  4.63786870e-01 -1.89566404e-01 -3.65695983e-01  5.24872601e-01
  5.75776279e-01 -7.31037259e-01  2.01571584e-01 -4.80394244e-01
 -5.26116183e-03  7.60994613e-01  1.92384183e-01  2.61255294e-01
 -5.76940216e-02  1.36370480e-01 -4.78104316e-02 -1.84753105e-01
 -4.82237220e-01  1.23646026e-02  3.47507238e-01  3.68575335e-01
 -1.03557333e-01 -3.09508234e-01  6.74812913e-01 -1.35070696e-01
 -6.35973215e-02  3.71567369e-01 -2.21314400e-01  4.50656742e-01
 -3.71774107e-01 -3.65382552e-01 -1.87289119e-01 -2.31715262e-01
  1.63670667e-02 -3.90653074e-01  5.86853564e-01  2.82779008e-01
  6.72216266e-02 -2.58236021e-01  4.88191307e-01  7.50950158e-01
 -1.60983689e-02 -7.53035694e-02 -2.10327953e-01  1.38633743e-01
 -1.10629812e-01  1.09295034e+00  4.97635275e-01 -4.09009337e-01
  1.26238674e-01 -1.22619092e-01  7.41214752e-02 -5.20987473e-02
  3.82630438e-01 -3.61104637e-01  4.27093953e-01 -2.22933754e-01
  5.17144978e-01  4.72689956e-01  8.51597548e-01 -2.32389361e-01
  1.72774643e-01 -8.81330743e-02 -6.66642845e-01 -1.88975364e-01
 -2.06845865e-01 -8.51537958e-02  4.19742078e-01  7.96388611e-02
 -6.63934350e-01 -3.29192996e-01 -3.55754197e-02  6.06867634e-02
 -1.98778778e-01  9.37059149e-02 -1.84260145e-01 -1.44995242e-01
  1.07023671e-01  4.69620943e-01  5.93397260e-01 -2.63999347e-02
 -4.72245425e-01 -9.37349379e-01 -2.63805956e-01 -1.44160181e-01
  1.55797988e-01 -3.15900564e-01  5.56136191e-01  2.33317032e-01
  1.23658143e-01 -1.47439629e-01  2.94377476e-01 -3.35194975e-01
 -7.00218856e-01 -6.26023188e-02 -4.97578412e-01  5.50087802e-02
  3.70483100e-02 -6.94990575e-01  1.93975106e-01 -4.23386663e-01
 -8.23648199e-02  2.32326552e-01  3.20951045e-01  1.47166118e-01
 -1.11553408e-01 -5.69799840e-01  7.51150966e-01  5.97878098e-01
 -6.68512762e-01  9.69757792e-03 -6.88339114e-01 -4.26374078e-01
  1.68937013e-01 -2.27672234e-01  1.47341445e-01  1.94831509e-02
  2.17762545e-01 -3.97292495e-01 -6.89972611e-03  2.74234284e-02
  1.57201216e-01  5.60699821e-01  4.00789827e-01  2.21287325e-01
 -1.85083270e-01  4.88071382e-01  2.54766140e-02  2.40072891e-01
  8.19232702e-01 -1.32812545e-01 -5.72483957e-01 -1.89768046e-01
 -1.14584982e-01  1.50194079e-01 -4.74345744e-01  5.54026961e-01
  9.56712887e-02  2.86383480e-01  2.68626869e-01 -3.79555300e-02
  3.95469666e-01  5.74519813e-01 -8.59235048e-01 -6.51927650e-01
 -3.94000500e-01 -3.44690412e-01  8.00074697e-01 -3.61581475e-01
  4.35124218e-01  3.54856730e-01 -7.79637754e-01  1.77614614e-01
  1.04881473e-01 -4.43199664e-01 -6.18465781e-01  4.41072807e-02
  2.47389436e-01  5.98325849e-01 -4.54362094e-01 -6.92874908e-01
 -1.00896247e-01 -3.15750122e-01  3.27137560e-01  2.77723759e-01
 -4.31525767e-01 -5.31659424e-01  2.86322474e-01  5.35250366e-01
  1.10865071e-01  3.82918447e-01  1.72837928e-01  2.70961404e-01
  2.91294098e-01  3.50821875e-02  1.29174694e-01  3.86011064e-01
 -4.18321490e-01 -2.80543305e-02 -3.65972281e-01 -3.07562113e-01
 -8.82999748e-02  5.20942569e-01  4.29785848e-01 -4.12070230e-02
  1.81743875e-01  3.55782658e-01  6.18661754e-02  6.43215418e-01
  4.40538436e-01 -4.30965930e-01 -2.38038436e-01  2.25280568e-01
 -1.87079340e-01 -1.25422132e+00  2.43147701e-01 -1.56053022e-01
 -5.06890118e-01 -8.75012457e-01 -4.27655220e-01 -3.91758472e-01
 -5.70726931e-01  5.40067673e-01  1.57924697e-01 -2.77889013e-01
 -1.62449136e-01  2.12061822e-01  1.24530025e-01  3.38617951e-01
 -9.13409516e-02  1.29161522e-01  4.14037220e-02 -1.52563155e-02
 -3.93161736e-02 -1.05555736e-01 -4.21557873e-01  8.11408401e-01
 -6.27207458e-01  2.88038492e-01 -5.76524138e-01 -1.87467903e-01
 -4.10269082e-01 -1.50378719e-01  6.47634566e-01  5.44113636e-01
  1.43858522e-01 -4.89708304e-01 -1.95719510e-01 -1.90145165e-01
 -1.55519962e-01 -2.76986986e-01  4.16730970e-01  1.56746581e-01
 -6.92573428e-01 -5.51100373e-01 -4.36354965e-01 -5.32130182e-01
  8.54491442e-02  3.09758961e-01  6.71871426e-03  2.46582314e-01
 -2.94585288e-01  2.92528480e-01  2.02284530e-01 -2.34231189e-01
  3.42932880e-01 -1.30387142e-01  4.74536009e-02 -1.01690359e-01
 -4.00050610e-01 -5.04255652e-01 -2.27682050e-02  2.41815648e-03
 -5.94574094e-01 -6.12039492e-02 -7.45979100e-02  2.01972440e-01
 -2.63965428e-01 -8.89099360e-01  5.37098110e-01  1.98161438e-01
  2.37600416e-01 -1.49589211e-01  1.43024087e-01 -5.99660516e-01
 -3.35362732e-01  2.12670919e-02  4.20435309e-01  2.40400091e-01
 -1.06059685e-01  2.37031594e-01 -6.57153904e-01 -3.13177377e-01
 -6.93732679e-01  8.32308710e-01  2.32431725e-01 -7.95779154e-02
  4.99830931e-01 -2.07993135e-01 -7.78373778e-02 -3.07320595e-01
 -4.48637813e-01  3.09339106e-01  5.95563233e-01 -3.67410094e-01
 -3.70512277e-01 -1.68271661e-01  8.00489932e-02 -2.11154819e-01
 -6.14669561e-01 -4.02541012e-01  3.76859963e-01 -3.40139031e-01
  7.26192713e-01  8.20018128e-02 -4.58053760e-02 -8.10708106e-02
 -9.90511835e-01  3.66767317e-01  1.06444097e+00 -7.68782318e-01
 -1.33524910e-01  1.67504977e-02 -2.11651251e-01  9.94977504e-02
  1.63634270e-01 -3.27455342e-01 -4.72362153e-02 -3.60045165e-01
  1.16044521e-01 -2.45874584e-01 -1.59797892e-01 -2.25282758e-01
  4.80206721e-02 -3.29807222e-01 -8.68782401e-02 -1.19281709e-01
  5.91194630e-02 -7.69047558e-01 -3.94568503e-01 -2.64965475e-01
  3.17665905e-01  1.64403871e-01 -7.73468375e-01 -5.09935021e-01
 -3.99307817e-01  7.49408826e-03  1.83501855e-01 -4.85699862e-01
  7.44598091e-01  4.61592048e-01 -5.13939917e-01 -4.62521225e-01
  5.31047404e-01  3.12210023e-01  2.42139027e-02  1.49782464e-01
 -2.16466695e-01  3.01228791e-01 -4.02823128e-02 -4.74718094e-01
  7.06644207e-02  1.65756017e-01  1.07359208e-01  8.28575492e-01
  1.76251322e-01  2.78351456e-02 -3.05650055e-01  3.38255763e-01
  7.31131673e-01  9.93476510e-02  3.38461772e-02  5.87374449e-01
 -2.04110950e-01  7.22214058e-02 -4.04220402e-01  1.31692039e-03
  4.81588766e-02 -6.00366950e-01 -2.27402627e-01 -7.71352232e-01
 -2.73745894e-01  6.98484600e-01 -6.43147945e-01 -2.04370797e-01
  4.86833006e-01 -8.17614347e-02 -1.51501402e-01 -1.81470990e-01
  5.16216218e-01  3.40106070e-01  5.51961780e-01  4.62621272e-01
 -1.92762807e-01  6.44292384e-02  4.34332974e-02  4.13070798e-01
  2.88178086e-01  5.60174882e-01 -4.71313149e-01 -5.05679727e-01
 -4.87111866e-01 -3.91577750e-01  3.54023635e-01 -4.74279284e-01
 -3.62922609e-01 -9.88900065e-01  5.58359563e-01  2.53245980e-01
  5.86839199e-01 -1.01454628e+00  1.63141593e-01 -4.44593966e-01
  8.03292751e-01  6.64026856e-01  1.10159703e-01  6.04692340e-01
 -4.33460474e-01 -3.12134087e-01  1.30443722e-01 -1.64925396e-01
  3.73542964e-01 -1.32312462e-01 -2.74482489e-01 -7.84706101e-02
 -6.93895638e-01  2.14616861e-02 -1.95632070e-01 -3.43008459e-01
  5.57033867e-02  6.57587409e-01  2.84961522e-01 -2.52157509e-01
  9.56639349e-02  1.18399382e-01  5.01177907e-01 -7.93058872e-01
 -3.67886163e-02  4.22331780e-01 -4.11243558e-01  7.84093440e-01
  7.22319484e-02 -3.30293566e-01 -3.37854624e-01 -5.06262124e-01
  1.01731229e+00 -1.40434295e-01 -6.13446414e-01  3.17190021e-01
  6.71205819e-01 -1.84974954e-01 -2.03313395e-01 -2.58642018e-01
 -2.32654586e-02 -5.14117777e-01 -6.89159751e-01 -1.25889912e-01
  1.40511021e-01 -2.00749129e-01  6.97806329e-02  2.69797724e-02
 -5.55204809e-01  5.63627899e-01  5.28629780e-01  2.39991799e-01
  1.91157922e-01 -1.78310513e-01 -3.13604921e-01  8.49868953e-01
  7.49389902e-02 -3.05308372e-01 -1.39985099e-01  2.13188291e-01
 -2.58096039e-01  5.88298857e-01 -9.73319709e-01 -8.73836756e-01
 -8.68200809e-02 -5.61512291e-01 -1.65827364e-01  1.06359385e-01
 -1.05207108e-01 -1.51896149e-01  3.33097205e-02 -2.72701234e-01
 -4.79967952e-01  1.24705744e+00  4.58725929e-01  2.86550373e-02
  3.46590243e-02 -1.18476830e-01 -7.33563721e-01  3.40237409e-01
 -8.86120975e-01 -1.27663508e-01  3.69239002e-01  8.23636949e-02
  1.22387424e-01  5.46355724e-01  4.68354464e-01  2.43305072e-01
  1.33437708e-01 -3.02743733e-01  1.10065199e-01 -2.09631808e-02
 -3.37719142e-01  3.51912349e-01  2.44726971e-01  1.42044038e-01
  1.10348966e-02 -3.16478550e-01  1.62178017e-02  4.48896587e-01
  2.09742069e-01 -5.61250687e-01  5.47813237e-01 -2.31752753e-01
  3.69902283e-01  2.98104137e-01  1.06846166e+00  4.03472073e-02
 -1.75455570e-01 -3.97672147e-01 -2.05206826e-01 -1.86797515e-01
 -2.85309374e-01  4.46691886e-02 -2.47721016e-01  2.51328826e-01
 -1.62077278e-01  3.20866346e-01 -9.78331789e-02 -2.87676174e-02
  9.84984860e-02  4.01034027e-01 -1.06309235e-01  1.14969082e-01
  9.03651416e-02 -6.91946894e-02 -3.94624770e-01 -2.24693179e-01
 -3.79596144e-01 -3.16693693e-01  7.50497580e-01 -3.23879868e-02
  2.72208422e-01  1.99950188e-01 -1.66370556e-01 -2.24948883e-01
  1.21280037e-01  4.84545052e-01 -1.92002103e-01  4.35267866e-01
 -1.85619742e-01 -4.83186513e-01  2.81944007e-01 -5.45652926e-01
 -7.02782750e-01  5.05308947e-03 -2.66230792e-01  1.98078096e-01
  4.89775956e-01 -5.05735338e-01  4.25862968e-01  8.89251947e-01
  6.03175998e-01  1.02141190e+00 -4.91107814e-02  2.02455804e-01
 -2.36627664e-02 -6.78065047e-02  6.80458009e-01  4.47588027e-01
 -5.43628454e-01  9.83060226e-02 -4.95971501e-01  8.38797271e-01
 -1.08342302e+00  5.71779788e-01  1.13628305e-01  1.08946182e-01
  9.12011415e-02 -7.60690749e-01  7.80170485e-02  9.03890133e-01
 -3.28619212e-01 -1.29212290e-01  1.96000218e-01 -5.04700005e-01
  3.05255074e-02  2.46276975e-01 -4.08206254e-01  2.45426685e-01
  2.41209447e-01 -4.58165288e-01  1.13222227e-01  7.06714205e-03
 -5.08713424e-01  6.86231494e-01 -2.65818924e-01 -2.76852734e-02
 -6.75302327e-01 -3.14718664e-01  3.86449754e-01 -3.72265369e-01
  6.46607637e-01 -1.87003061e-01 -6.48705721e-01 -2.72208214e-01
  1.37487531e-01 -8.02844688e-02 -4.46629077e-01  5.10146141e-01
 -4.88007516e-01  8.32044557e-02 -8.81543458e-02  1.31750450e-01
 -5.95590353e-01 -1.15774445e-01  1.57850236e-01 -5.89957163e-02
  6.57468319e-01 -2.13017717e-01 -4.88894135e-02  7.00705349e-01
 -4.22728270e-01 -8.14714879e-02 -4.01688546e-01  1.34542894e+00
 -1.33541390e-01  1.19080618e-01 -5.89560986e-01  2.95743316e-01]"
C1(/N=N/C2=CC=CC=C2)=CC=CC=C1,c1ccc(/N=N/c2ccccc2)cc1,"[ 3.93664420e-01  8.94824862e-01  3.49985301e-01 -6.86415255e-01
  6.44249558e-01  7.41045773e-01  2.75518484e-02 -4.92719769e-01
 -2.86940753e-01  3.15509513e-02  1.90182924e-02 -7.64978409e-01
  3.09253037e-01 -5.45776412e-02 -2.52683163e-01  2.89788485e-01
  5.68408668e-01  1.53702274e-01  5.35272121e-01  5.40975668e-02
  2.89093494e-01 -4.62739438e-01  2.83604681e-01 -1.87684879e-01
 -5.10956123e-02  3.04118305e-01 -1.14863731e-01 -5.59248209e-01
  1.56586945e-01  4.46057707e-01 -3.78083408e-01 -3.25629920e-01
  6.18919551e-01 -2.19012350e-01 -1.92445695e-01 -8.78935382e-02
 -5.11490442e-02 -4.91038829e-01 -2.29086846e-01  5.69480717e-01
 -4.37125057e-01 -6.13745153e-01  5.44165313e-01  2.44289055e-01
 -5.77524006e-01  7.36448765e-01  5.33576667e-01 -2.20911622e-01
 -4.25321043e-01  1.99628562e-01 -6.80380642e-01 -2.43915677e-01
  8.68604720e-01 -4.81111914e-01  8.92421678e-02  2.40019262e-01
  6.10899687e-01 -2.04286538e-02  6.57500744e-01  4.85668361e-01
  1.30957842e-01  6.66368604e-01 -1.99355662e-01 -3.72558385e-01
  2.75240112e-02 -3.92560720e-01  1.25907108e-01 -4.09533948e-01
 -8.81856829e-02 -1.82319552e-01  1.18747365e+00 -6.57616973e-01
  2.70622790e-01  1.47080883e-01  4.93419975e-01 -3.41704376e-02
  6.09124064e-01 -5.38701788e-02  1.61994919e-01 -1.54010653e-01
 -4.38046008e-01 -3.11517537e-01 -2.67590463e-01 -2.06981927e-01
 -1.89815760e-01  4.92833644e-01 -7.59193838e-01  2.86897928e-01
  6.32845387e-02  2.48413876e-01 -7.82091022e-02 -7.52030253e-01
 -2.41773829e-01  8.06015909e-01 -1.83049738e-01  4.61356372e-01
  4.10655439e-02 -1.20948935e-02  2.90178657e-01  3.74452174e-01
 -1.24379683e+00  9.05273929e-02  3.48653078e-01  1.48176610e-01
  7.74717093e-01 -6.53909892e-02 -5.03000021e-01 -2.70524740e-01
 -2.20061317e-01 -3.60627770e-01  1.86923414e-01 -1.46610469e-01
  4.02924776e-01  1.48967683e-01  4.02817488e-01 -2.24697277e-01
  2.76870638e-01 -2.33699888e-01  2.28470564e-01 -5.35116494e-01
 -6.10829532e-01 -9.83899906e-02  8.31955016e-01  2.64740139e-01
 -3.46024156e-01  1.14665008e+00 -1.37843594e-01  4.21016723e-01
  7.85580277e-01  4.18280602e-01  4.38097328e-01 -9.86284256e-01
  9.67183173e-01  3.26102436e-01 -7.35812962e-01  3.71135682e-01
  2.16595992e-01 -3.03724915e-01  1.09090246e-01  2.97523618e-01
 -4.30522561e-01  7.88281560e-01 -2.51498371e-01 -9.70577776e-01
  1.34118721e-01 -5.38258314e-01  3.90902847e-01 -4.11337465e-01
  2.39298478e-01  2.31020804e-02  5.77986121e-01 -1.24730095e-01
 -2.51144379e-01 -1.57317966e-01  9.12745520e-02 -3.09110526e-02
  1.89464930e-02  1.96186572e-01 -1.38254866e-01  9.36401546e-01
  6.95129037e-01 -7.80501008e-01 -2.29617462e-01 -7.51228511e-01
 -3.56871724e-01  4.07649457e-01  3.15928638e-01  3.05970669e-01
 -4.12011087e-01  1.38771266e-01 -1.33529752e-01 -2.17163950e-01
 -2.65006304e-01  5.44316061e-02  2.89420515e-01  8.58597994e-01
 -6.61780015e-02 -9.47945639e-02  7.10785389e-01 -1.33057728e-01
 -4.25322413e-01  3.41799796e-01  2.11292028e-01  4.63903874e-01
 -6.64066792e-01 -2.44519800e-01 -2.95806140e-01 -8.93452466e-02
  4.00610745e-01 -5.87885618e-01 -8.95357057e-02 -5.22228330e-02
  3.37667704e-01 -1.57675631e-02  2.95924306e-01  1.15114951e+00
 -4.47730683e-02  1.70328334e-01 -2.76036918e-01 -4.21800673e-01
 -9.11022797e-02  9.04916406e-01 -2.20357887e-02 -5.33905804e-01
  3.77152741e-01  3.90430689e-01  1.01797618e-02 -1.27583250e-01
  1.96885496e-01 -1.93984285e-01  3.81460369e-01 -5.24458773e-02
  7.68263280e-01  7.48814121e-02  6.76089525e-01  1.35474414e-01
  1.55683264e-01  1.97791010e-01 -5.31503618e-01 -4.94070232e-01
 -4.77823801e-02 -4.13330406e-01  7.31904432e-02 -2.27973014e-01
 -3.31629306e-01 -4.28786218e-01 -9.20464769e-02 -1.50311589e-01
 -4.49297905e-01  1.63118243e-01 -3.45768183e-01  1.71867013e-01
 -1.34286210e-01  1.12549461e-01  2.61292458e-01 -7.46205263e-03
 -1.01466835e-01 -6.86202765e-01 -1.26361936e-01 -4.68878716e-01
 -2.82657351e-02 -3.25156808e-01  4.91402298e-01  5.08773685e-01
  2.60721713e-01  4.39543247e-01 -1.47393823e-01 -6.68118596e-01
 -5.71995497e-01  3.45998853e-01 -3.77292037e-01  4.10184599e-02
 -8.98777619e-02 -6.12394691e-01 -3.96386743e-01 -4.24880445e-01
  2.01757014e-01  2.26754159e-01  3.89439352e-02 -9.38214883e-02
 -4.95100021e-02 -6.38627172e-01  6.93198264e-01  1.19600885e-01
 -6.91023350e-01  2.43895307e-01 -9.68371868e-01 -3.85205001e-01
  7.58764505e-01 -3.43332201e-01  2.74501085e-01  3.54971051e-01
  9.36298847e-01 -5.74902415e-01  2.57462204e-01 -1.88614786e-01
 -1.39331177e-01  3.64459082e-02  3.15882742e-01  5.04403055e-01
 -5.87638676e-01  1.34876207e-01 -1.56626433e-01  6.73159719e-01
  3.41706514e-01 -1.04504384e-01 -1.71928629e-01 -9.81492251e-02
 -1.35922089e-01 -3.47326659e-02 -1.82082169e-02  6.56784534e-01
 -7.89240003e-02  1.40050560e-01 -8.36523548e-02 -4.64504242e-01
  1.03600812e+00  4.59512383e-01 -1.03044868e+00 -2.92636633e-01
 -5.35062969e-01 -1.34115070e-01  4.17486936e-01  4.08515707e-02
  1.49567842e-01  1.53089222e-02 -6.22815609e-01  4.18823153e-01
  6.38129115e-02  1.39357835e-01 -2.70049751e-01 -2.55078711e-02
 -6.53505102e-02  7.85024405e-01 -7.19780803e-01 -8.16659927e-01
 -4.33365703e-01  3.64859775e-02  2.54457742e-01  3.37617487e-01
 -2.86636919e-01 -4.99687307e-02  7.76326954e-02  4.45282400e-01
 -2.34686345e-01  3.38851154e-01 -2.33107526e-02  3.53204221e-01
  8.12530816e-01 -8.91538784e-02  3.26466292e-01  2.97622859e-01
 -1.75475791e-01 -5.74791074e-01  6.75326437e-02 -3.96258742e-01
 -1.10701315e-01  1.56543612e-01  5.95690012e-01 -2.63477117e-01
  3.30612719e-01 -6.65764064e-02  2.37511665e-01  3.07005256e-01
 -1.22262605e-01 -5.36846817e-01 -2.04069614e-01 -5.65641150e-02
  8.60033780e-02 -1.35324967e+00  3.40147257e-01  1.51978120e-01
 -8.78353789e-02 -8.87537420e-01  2.15761989e-01 -6.76342964e-01
 -6.36964381e-01  2.69910872e-01 -5.13334632e-01 -6.67130947e-01
 -1.45536542e-01  7.65777946e-01  2.50508338e-01  6.46131516e-01
  2.05268152e-02 -2.50047088e-01  3.70408930e-02 -2.66977996e-01
 -5.90845227e-01  6.06638752e-02 -2.07375512e-01  4.62563783e-01
 -5.45988441e-01  2.62423754e-01 -7.27978706e-01 -1.83120854e-02
 -9.43255723e-01  1.11768164e-01  8.37010086e-01  4.15978938e-01
  7.30624974e-01 -3.41452360e-01 -2.52903458e-02 -3.93454045e-01
  7.57333413e-02 -7.36988038e-02  8.15842450e-02 -7.53388703e-02
 -1.26186395e+00  1.35418758e-01 -7.40786254e-01 -4.95721132e-01
  3.89095426e-01 -9.03264135e-02 -4.67402786e-02  3.87008816e-01
 -2.97420733e-02  3.18293810e-01  2.37353712e-01 -4.55667913e-01
  7.77776003e-01 -4.73324001e-01 -1.09696239e-01 -1.34323150e-01
 -2.92225927e-01 -1.04513621e+00  1.37258723e-01 -1.95043579e-01
 -7.00430274e-01  1.20203257e-01  3.87956738e-01  1.12433560e-01
 -6.67180955e-01 -6.60562038e-01  1.23038962e-01  2.42346134e-02
  1.63587093e-01 -2.20416263e-02  3.98505390e-01 -1.42061040e-01
  1.07218459e-01 -8.62855464e-02  4.12465334e-01  4.62028950e-01
 -2.25421906e-01 -4.77960259e-02 -4.52264071e-01 -5.21337450e-01
 -9.65988517e-01  3.97907913e-01  6.72447383e-01 -6.76018476e-01
  4.64314342e-01 -4.74503249e-01 -2.58483678e-01 -3.25198650e-01
 -4.05520201e-01  3.51336539e-01  4.13998514e-01 -6.10503018e-01
 -5.00655472e-01 -5.01200497e-01 -4.76509966e-02 -4.67632592e-01
 -6.17749155e-01 -3.10648024e-01  4.43942845e-02 -3.45475912e-01
  6.28140211e-01  1.32566865e-03 -4.23585884e-02 -1.49840815e-02
 -1.09364748e+00  3.28097701e-01  9.52132702e-01 -4.24141794e-01
  2.15902284e-01 -3.52340043e-02 -3.20002049e-01 -4.47446704e-01
  3.42848837e-01 -2.31910318e-01 -5.58871746e-01 -9.77847040e-01
 -5.47258079e-01  1.96495117e-03 -1.11392438e-01 -6.12699330e-01
  3.28874707e-01 -3.82618159e-01 -4.12837923e-01  1.05772093e-01
  2.18706712e-01 -5.90139210e-01 -7.08014965e-01 -4.39177096e-01
  1.33322477e-01  3.01929355e-01 -3.70948851e-01 -7.33152449e-01
 -1.67566150e-01  2.04536438e-01  2.05000132e-01 -2.47132972e-01
  6.18542254e-01  3.61585468e-02 -1.29817948e-01 -5.94690084e-01
  2.39757925e-01  5.41816175e-01  2.37816140e-01  4.57752913e-01
 -6.62824333e-01  3.13135266e-01 -3.88408214e-01 -2.97960281e-01
  7.00461447e-01  6.05402887e-01 -1.14716152e-02  4.44729894e-01
  4.62089628e-01 -1.24906510e-01 -5.96868575e-01  4.98599321e-01
  5.38716137e-01  7.35686421e-02  5.86116016e-02  2.95817673e-01
 -1.19727597e-01 -3.04134283e-02 -4.14042056e-01 -2.71870822e-01
  1.68333843e-01 -6.97541773e-01 -3.34886722e-02 -8.41364324e-01
  6.89023137e-02  2.74819672e-01  4.71103564e-02 -1.68133140e-01
  4.09973979e-01  1.95195511e-01  2.00340465e-01  7.77935833e-02
  1.13576382e-01  9.56258848e-02  1.67688489e-01  4.42364931e-01
 -3.34887564e-01  2.10510030e-01  3.62103522e-01  8.85808542e-02
  3.85688663e-01  1.85066581e-01 -3.95594060e-01 -7.49463022e-01
 -2.55651712e-01 -5.13131380e-01  5.71115911e-01 -1.00317653e-02
 -4.21115220e-01 -3.64382029e-01  3.27898532e-01  4.41165626e-01
  5.00775278e-01 -4.47959661e-01  3.07825446e-01 -4.35399950e-01
  1.52102977e-01  1.37816644e+00 -2.39784151e-01  1.06704009e+00
 -1.87257230e-01 -5.26156425e-01  3.44957501e-01 -6.84175074e-01
  4.62296098e-01 -1.71912447e-01 -7.08275288e-02  6.57526851e-02
 -6.67300940e-01  3.14540719e-03  3.41413707e-01 -4.18409735e-01
 -2.45487809e-01  7.22708404e-01  3.07989717e-01  6.88495189e-02
 -5.67495048e-01 -1.07014634e-01  5.28425694e-01 -3.84491265e-01
  9.86600369e-02  5.41052997e-01 -4.89727974e-01  6.41357303e-01
  1.65445745e-01 -3.57726038e-01 -6.13488853e-01 -4.25834030e-01
  1.36552775e+00 -8.34973454e-02 -4.89315271e-01  1.41711205e-01
  4.53166246e-01 -1.45304486e-01 -1.24841869e-01  5.26021011e-02
 -2.10695546e-02 -3.75903636e-01 -9.44328308e-01  6.13639593e-01
  1.98722929e-01 -2.43294775e-01 -3.92740741e-02  2.80197203e-01
 -5.71743865e-03  5.24731696e-01  7.32282221e-01 -7.01548085e-02
 -1.82835072e-01 -3.86004537e-01 -6.57768369e-01  1.21983945e+00
  2.64113694e-01 -1.12817779e-01  2.16167331e-01 -3.95648450e-01
 -1.95554852e-01  7.63026476e-01 -1.02056468e+00 -1.01524651e+00
  1.69631485e-02 -6.53435886e-01 -1.40359491e-01  2.14666903e-01
  1.29193887e-01 -9.46328714e-02  3.84162188e-01 -3.00122291e-01
 -6.27738655e-01  7.85696507e-01  3.47003520e-01  1.38948008e-01
  3.79774421e-01  2.50661187e-02 -6.60957158e-01  4.27086771e-01
 -4.22402084e-01 -2.20053196e-01  1.77879691e-01  3.38443145e-02
  3.10404271e-01  2.84286976e-01  1.73876435e-01  3.58711720e-01
 -2.36831531e-01  4.32082564e-02  2.39725679e-01 -6.52759522e-02
  5.13260588e-02  5.73725879e-01  6.70596004e-01  5.48861623e-01
  2.22729564e-01 -2.42542863e-01  8.13559517e-02  5.78786135e-01
  2.89283752e-01 -4.73062754e-01  2.90082693e-01 -1.89452231e-01
  3.37750763e-01 -4.69760448e-01  8.58151317e-01  2.14357093e-01
  2.23569304e-01 -8.32275510e-01  8.59288052e-02 -4.35379267e-01
  8.97124410e-02  1.90199330e-01 -7.82240629e-01 -9.43016559e-02
 -2.52239741e-02  5.72651625e-01  1.16449624e-01  6.19312465e-01
  2.01442689e-01  7.77411044e-01  2.63979018e-01  1.02616601e-01
 -1.87567160e-01 -2.73144394e-01 -4.71432954e-01  4.43644385e-04
 -1.18103899e-01 -1.53855264e-01  7.87973344e-01 -2.64746934e-01
  2.60470629e-01 -1.43401906e-01 -3.04685086e-01 -1.54013023e-01
  2.86305934e-01  9.05723035e-01 -1.36648137e-02  1.14412248e-01
 -1.90607831e-01 -2.84499228e-01  1.60400331e-01 -3.50256681e-01
 -5.38697958e-01  2.96933532e-01 -3.47239345e-01  2.21790686e-01
  9.54495251e-01 -4.00535345e-01  4.94385719e-01  4.36528951e-01
  9.28368628e-01  1.42573297e+00 -2.25645378e-01  5.06557345e-01
  5.24273664e-02 -1.22372039e-01  5.58083475e-01  7.05834150e-01
 -6.22587442e-01  5.28998196e-01 -4.01657522e-01  6.90792024e-01
 -5.93879163e-01  4.81005669e-01 -5.94468825e-02  1.07281916e-01
 -3.84521455e-01 -5.69666207e-01  9.84365270e-02  9.12229538e-01
 -4.86012906e-01 -4.00928594e-02  6.50632203e-01 -3.16800863e-01
  4.70016450e-01  6.80566728e-01 -3.50944132e-01  2.27775261e-01
 -2.15681612e-01 -6.46234930e-01 -3.83937985e-01 -5.31576753e-01
 -2.90039271e-01  4.78899896e-01 -3.06324333e-01  1.59585718e-02
 -8.85194540e-01  2.95978934e-02  5.56729138e-02 -3.73794615e-01
  3.26859772e-01 -3.99888456e-01 -9.31142986e-01 -2.67237484e-01
  6.90245569e-01 -3.57623816e-01 -1.11646764e-01  1.41281947e-01
 -5.74232996e-01 -3.54594916e-01 -3.96303415e-01 -1.50481565e-02
 -3.22086453e-01  5.95677868e-02  2.65579432e-01 -4.78452444e-01
  4.43972707e-01 -5.00892177e-02  1.56084597e-01  8.54615569e-01
 -6.03784740e-01  4.40228343e-01 -3.62971395e-01  1.20466638e+00
  3.10701579e-01  4.96847272e-01 -7.45569289e-01  3.07234526e-01]"
OC(C1=CC=C(/N=N/C2=CC=CC=C2)C=C1)=O,O=C(O)c1ccc(/N=N/c2ccccc2)cc1,"[ 1.76149741e-01  7.75594652e-01  3.88168663e-01 -8.13199222e-01
  5.18168747e-01  4.92641956e-01  2.34653018e-02 -3.72713745e-01
 -3.57938528e-01 -4.58570756e-02  1.48767591e-01 -9.18742001e-01
  2.80316323e-01 -1.07877284e-01 -4.19177920e-01  4.36500102e-01
  8.82573307e-01  2.59327918e-01  4.19649124e-01 -1.35027975e-01
  2.98151314e-01 -2.71333128e-01  3.89449507e-01  1.10174023e-01
 -5.39931357e-01  3.75804663e-01 -1.25814483e-01 -4.92452949e-01
  2.62238324e-01  2.69693196e-01 -2.04148307e-01 -3.56559008e-01
  6.54731989e-01 -2.50055075e-01 -1.51092336e-01 -8.56443867e-02
 -1.63331315e-01 -3.74031305e-01 -2.66098440e-01  4.20248896e-01
 -4.92368579e-01 -9.37026501e-01  6.86147153e-01  4.89701986e-01
 -4.65791464e-01  7.48661518e-01  7.60508835e-01 -2.02778354e-01
 -2.67907053e-01  2.52558827e-01 -5.23744345e-01 -1.76685661e-01
  6.49734259e-01 -4.82998222e-01  2.67816782e-01  2.32029215e-01
  4.66175795e-01 -6.28505349e-02  7.28348613e-01  2.85060048e-01
  1.63296536e-01  6.43538833e-01 -1.67967781e-01 -3.81032735e-01
 -2.90194284e-02 -3.90132576e-01 -3.28161806e-01 -2.08036229e-01
 -1.49857253e-01  8.36820435e-03  7.12142169e-01 -5.37563205e-01
  5.42841852e-01 -1.37434155e-01  3.29543620e-01  1.04308359e-01
  5.13981104e-01  1.57015875e-01  2.23448634e-01  1.21082164e-01
 -4.13820922e-01 -7.21192881e-02 -1.57401845e-01 -1.55529380e-02
  4.11695354e-02  6.59563541e-01 -6.53001070e-01  2.38462403e-01
 -1.06473215e-01  2.68164724e-01  3.36840376e-02 -7.12429047e-01
  1.53008193e-01  7.13459015e-01 -2.11777210e-01  5.44796348e-01
 -2.68339157e-01 -5.35530001e-02  3.23754787e-01  1.87867686e-01
 -9.53219235e-01  8.98670107e-02  1.18263163e-01  1.74389467e-01
  6.70231760e-01  7.56684467e-02 -2.00465783e-01 -4.17494327e-01
 -1.71540990e-01 -2.63093770e-01 -3.58730555e-02 -8.99940953e-02
 -2.82225404e-02 -1.89664945e-01  4.39564168e-01 -3.06785554e-01
  3.43474418e-01  1.88754037e-01  3.10231239e-01 -7.99777746e-01
 -5.01050591e-01 -3.74359339e-01  3.94781679e-01  4.85598147e-01
 -4.89189148e-01  9.07607019e-01  2.82633930e-01  3.77964586e-01
  7.35888779e-01  2.39859849e-01  6.26239896e-01 -7.91575909e-01
  6.42149866e-01  5.70424020e-01 -6.81075692e-01  4.15806442e-01
  3.15972716e-01 -2.97730684e-01  1.42272860e-01 -1.84496455e-02
 -3.72058421e-01  4.47647274e-01 -3.68842572e-01 -8.57575297e-01
 -2.59878989e-02 -3.24012280e-01  3.48026395e-01 -4.55350906e-01
  2.56439596e-01  1.62220001e-02  8.30057919e-01 -1.02010481e-01
 -1.69555828e-01 -5.70697546e-01  6.67895675e-02 -9.38797519e-02
  4.08322632e-01 -2.48106569e-02 -2.20714688e-01  5.88891685e-01
  6.24138296e-01 -9.24350321e-01  1.16128042e-01 -5.21581650e-01
 -2.14122027e-01  5.96236169e-01  2.97452748e-01  3.59660387e-01
 -1.67722911e-01  1.59665972e-01 -7.58727118e-02 -1.79565862e-01
 -4.13397580e-01 -7.82642812e-02  3.11320007e-01  6.95873678e-01
 -1.04051903e-01 -1.36513621e-01  8.57115686e-01 -2.43703470e-01
 -1.05479032e-01  3.44125092e-01 -3.33803780e-02  4.42910016e-01
 -4.01610494e-01 -4.75530624e-01 -2.16447189e-01 -2.34229695e-02
  8.75447541e-02 -3.80749077e-01  2.45648429e-01  7.01526850e-02
  3.53363782e-01 -2.92497545e-01  3.76903623e-01  1.09408009e+00
  1.53589109e-02  2.34865293e-01 -5.35169125e-01 -5.19135408e-02
 -2.20046952e-01  9.87682521e-01  2.26715475e-01 -4.69897032e-01
  3.13223541e-01  2.77796954e-01  6.48239627e-02 -8.48307274e-03
  2.74370670e-01 -1.61116064e-01  2.32327953e-01 -3.47832710e-01
  6.58847868e-01  3.19529563e-01  6.03768468e-01  1.02997996e-01
  8.07251185e-02  1.51425824e-01 -5.99555492e-01 -3.89453262e-01
 -1.16854034e-01 -2.99325138e-01  3.81658316e-01 -3.07058752e-01
 -5.33472478e-01 -4.13021922e-01 -4.30550948e-02 -1.18066102e-01
 -3.96493733e-01  7.88724422e-03 -2.93374002e-01  6.20730296e-02
 -1.17787234e-01  4.52614278e-01  4.38774109e-01  4.06658016e-02
 -2.93803602e-01 -1.08589888e+00 -1.89361989e-01 -3.74577612e-01
  1.24084741e-01 -2.40949526e-01  5.08135974e-01  4.36097175e-01
  2.59022951e-01  1.23484656e-01  1.31916404e-01 -5.34860015e-01
 -6.31278813e-01  2.25561023e-01 -5.73679149e-01 -1.72195762e-01
 -5.31801805e-02 -5.69195628e-01 -1.71455026e-01 -5.09946406e-01
 -5.52956425e-02  2.88838327e-01  4.00475264e-01  1.38010591e-01
 -1.00422408e-02 -6.39455378e-01  1.00686157e+00  1.83352724e-01
 -6.20297611e-01 -8.77061933e-02 -7.30429769e-01 -3.76362890e-01
  3.29705328e-01 -1.83447510e-01  3.05144280e-01  1.02239639e-01
  4.37268972e-01 -5.41328907e-01  1.78515270e-01 -4.69198227e-02
 -2.33264968e-01  3.38230371e-01  4.47226316e-01  2.06799462e-01
 -7.95423537e-02  5.06834276e-02 -1.75312415e-01  3.00822824e-01
  5.34174025e-01  5.64249717e-02 -4.77242768e-01 -2.84745783e-01
 -7.30759203e-02  1.03479467e-01 -1.44602761e-01  7.21025705e-01
  2.19010990e-02  3.31632853e-01  3.08601826e-01 -1.66736379e-01
  8.03267539e-01  4.57729369e-01 -1.09227943e+00 -6.31349087e-01
 -3.16671818e-01 -1.70354068e-01  6.79549515e-01 -1.48209006e-01
  4.46588278e-01  5.27042858e-02 -7.34155834e-01  2.44688973e-01
  3.99520174e-02 -6.62001744e-02 -4.92698014e-01  1.37291342e-01
  2.18547761e-01  5.84846556e-01 -4.44211870e-01 -8.70419025e-01
 -3.57830495e-01 -2.15159535e-01  3.24382156e-01  3.10651779e-01
 -5.45687914e-01 -2.85605073e-01  2.18179539e-01  4.28052932e-01
 -2.76843905e-01  3.18280488e-01  1.61194652e-01  3.15489113e-01
  6.39298737e-01  4.96157967e-02  2.67022252e-01  1.06553100e-01
 -2.66703099e-01 -1.88259855e-01 -4.90943864e-02 -2.46544749e-01
 -3.39486301e-01  2.70261168e-01  4.98294830e-01 -1.53549746e-01
  3.43875915e-01  4.71856624e-01  3.64919960e-01  3.83560508e-01
  2.65116245e-01 -5.00410855e-01 -4.44255397e-02  1.69522166e-01
 -1.68345094e-01 -1.23940408e+00  6.03772551e-02  4.03553396e-02
 -2.94667542e-01 -1.00552273e+00 -5.11477818e-04 -5.38322449e-01
 -6.30120099e-01  4.72833931e-01 -1.54745623e-01 -2.99684137e-01
 -6.10428676e-02  4.94703710e-01  3.05951923e-01  5.12655020e-01
 -5.65821826e-02 -5.03778234e-02  1.29423991e-01 -8.39501023e-02
 -2.49996334e-01 -6.70007011e-03 -5.52588165e-01  6.50088549e-01
 -5.74252486e-01  3.16184342e-01 -6.16732299e-01  2.65030134e-02
 -4.45170105e-01 -9.94950905e-02  7.81361103e-01  7.47613728e-01
  3.70808303e-01 -5.21386921e-01 -3.42356637e-02 -1.86143979e-01
  1.78656057e-02 -2.57298082e-01  1.42714858e-01 -5.05556427e-02
 -1.13154542e+00 -2.55548090e-01 -2.78991461e-01 -5.41687429e-01
  2.35909775e-01  1.65707737e-01 -1.34396434e-01  3.04018974e-01
 -1.94488913e-01  2.88126379e-01  2.13797286e-01 -4.27109331e-01
  4.51939583e-01 -2.91369140e-01 -7.32629895e-02 -1.16137855e-01
 -4.83500689e-01 -1.03210354e+00 -1.00703798e-01 -1.23752438e-01
 -7.88788021e-01  5.90434782e-02  1.62585825e-01  9.56545621e-02
 -4.75192934e-01 -8.60725880e-01  4.10732090e-01  1.86756864e-01
  7.61454180e-02 -3.49504128e-02  2.51208276e-01 -2.70446211e-01
 -1.36825778e-02  9.16303787e-03  4.53606397e-01  3.86173993e-01
 -1.24773443e-01  1.96297020e-01 -5.25471270e-01 -3.06616753e-01
 -9.54349518e-01  6.16414189e-01  4.42990333e-01 -3.89016867e-01
  5.49457848e-01 -2.32263580e-01 -1.15911640e-01 -4.11291778e-01
 -5.65135360e-01  3.03832352e-01  5.58380127e-01 -6.14071548e-01
 -4.52774704e-01 -4.25241649e-01  2.05456853e-01 -3.03068817e-01
 -4.90386546e-01 -3.72386426e-01  2.41288468e-01 -2.45926395e-01
  6.99181616e-01  1.70851812e-01  9.43950191e-02  1.03527121e-01
 -9.56411421e-01  5.62930226e-01  9.61357296e-01 -6.73931479e-01
  1.05610654e-01  1.39101103e-01 -3.39830756e-01 -8.32472295e-02
  2.74887651e-01 -2.87478238e-01 -8.04762617e-02 -5.41403949e-01
 -2.27080718e-01 -2.76770025e-01 -2.45015159e-01 -4.76901710e-01
  1.55145362e-01 -5.08097589e-01 -4.42862213e-01  9.82465446e-02
  1.24407098e-01 -7.06594229e-01 -6.00972533e-01 -4.69736725e-01
  2.22677901e-01  2.60372341e-01 -5.42611182e-01 -7.38953292e-01
 -3.89552742e-01  9.93716419e-02  1.97998300e-01 -2.78207898e-01
  6.68256521e-01  4.50461507e-01 -3.93074751e-01 -3.19226027e-01
  2.36960933e-01  4.35416013e-01  1.06503613e-01  3.91784489e-01
 -3.95732909e-01  9.11667421e-02 -3.40969801e-01 -2.98619360e-01
  2.47508511e-01  2.25584701e-01 -9.66276303e-02  4.60586995e-01
  4.46393728e-01  1.37629434e-02 -4.97880727e-01  4.33010936e-01
  7.65177369e-01  1.48410425e-01  1.03957914e-01  5.03738761e-01
 -1.88214257e-01  8.09245855e-02 -4.60427254e-01  3.56439091e-02
  1.53465673e-01 -7.30091929e-01  6.22307211e-02 -7.31340051e-01
 -2.64589060e-02  6.12000346e-01 -4.00612324e-01 -3.03056359e-01
  7.50086248e-01  8.53698142e-03  5.54049313e-02  2.83150561e-03
  5.36691070e-01  2.23010287e-01  2.89649576e-01  3.91953766e-01
 -2.64171422e-01  2.01539531e-01  1.93560913e-01  2.32268080e-01
  3.02372336e-01  5.07208049e-01 -5.30089021e-01 -5.16322911e-01
 -3.97351891e-01 -4.80491817e-01  5.26157975e-01 -2.72574961e-01
 -2.32198462e-01 -7.57835388e-01  5.20911276e-01  2.67982662e-01
  4.72110450e-01 -7.10517645e-01  8.34339932e-02 -4.77165461e-01
  6.03281140e-01  1.11917365e+00 -8.28319043e-02  8.03557694e-01
 -3.63915890e-01 -4.90206003e-01  2.66048908e-01 -4.28515017e-01
  3.01977605e-01 -3.52179825e-01 -2.18654141e-01  4.27927859e-02
 -6.03328764e-01  1.89749435e-01  2.87108012e-02 -5.86978793e-01
 -1.24617718e-01  7.10887432e-01  1.81330577e-01 -1.22817308e-01
 -1.60558581e-01  8.22263360e-02  3.78269315e-01 -6.09085977e-01
  4.77572940e-02  6.16849899e-01 -4.52471763e-01  8.83719385e-01
  1.90975517e-01 -4.17382568e-01 -5.87421358e-01 -3.91921014e-01
  1.34697115e+00  8.21619481e-03 -5.46654463e-01 -2.31777895e-02
  5.46510696e-01 -3.43658417e-01 -1.97882131e-01 -2.37332463e-01
 -4.82388027e-02 -3.87094915e-01 -7.08096385e-01  1.67073637e-01
  1.86537221e-01 -1.65584102e-01 -2.64890399e-02  1.92451522e-01
 -3.26797575e-01  4.30095285e-01  6.25034869e-01  5.81559874e-02
 -4.41590063e-02 -2.57110387e-01 -3.96707416e-01  1.20536292e+00
 -2.88943648e-02 -2.63328582e-01 -2.19056085e-01  8.35177898e-02
 -1.30756706e-01  5.27889788e-01 -1.01775587e+00 -7.62845159e-01
 -1.91538319e-01 -5.89346349e-01 -2.92232156e-01  1.25251368e-01
  5.90705313e-02 -1.00552700e-01 -1.25124425e-01 -3.17145079e-01
 -4.99002039e-01  1.12589991e+00  2.54151046e-01  2.12745052e-02
  2.04468772e-01  8.09921771e-02 -7.44587600e-01  4.56387848e-01
 -6.25056922e-01 -1.56940252e-01  2.81188667e-01 -4.02024612e-02
  2.96557873e-01  4.87800181e-01  2.87602246e-01  3.12924504e-01
  8.85437056e-02 -1.35385498e-01  1.76212326e-01  4.56854142e-02
 -1.04996011e-01  4.04546231e-01  4.59611803e-01  3.02412808e-01
 -5.47512546e-02 -2.28168294e-01  2.72621393e-01  6.31847203e-01
  1.26130775e-01 -4.03842926e-01  4.49921727e-01 -2.45916948e-01
  2.18848482e-01 -1.01343198e-02  1.14857471e+00 -7.77932703e-02
  5.06737940e-02 -6.77615464e-01 -1.84546355e-02 -3.79496366e-01
  5.62387407e-02  1.40251726e-01 -3.78928185e-01  1.26353636e-01
 -6.35583177e-02  4.68548745e-01 -1.14855446e-01  3.32799405e-01
  8.75104815e-02  5.79511225e-01  1.34283975e-01  3.44085991e-02
 -1.48804009e-01 -1.20582528e-01 -2.94588715e-01 -3.61587822e-01
 -4.39245313e-01 -2.53975958e-01  7.85073996e-01 -3.75089161e-02
  2.08065450e-01  1.59471467e-01 -1.09381802e-01 -4.38444525e-01
  2.25016862e-01  6.27192855e-01 -7.46548697e-02  2.13531956e-01
 -3.46731424e-01 -2.27529317e-01  2.13302568e-01 -5.36786020e-01
 -7.37560689e-01  2.45608866e-01 -2.60180801e-01  3.09386760e-01
  8.27723324e-01 -4.92244482e-01  4.29399669e-01  6.01886570e-01
  6.69742763e-01  1.18313575e+00 -3.23029220e-01  4.03147072e-01
 -7.88224302e-03 -1.49601102e-01  6.38269246e-01  5.74848652e-01
 -6.08181775e-01  1.60195678e-01 -3.95442754e-01  9.50953424e-01
 -8.70952666e-01  5.53007543e-01  1.59598604e-01  1.81392103e-01
 -2.59362102e-01 -7.83414602e-01  1.55668437e-01  9.16516483e-01
 -2.46922329e-01  2.76176203e-02  4.49728429e-01 -3.89200300e-01
  5.26228882e-02  5.81929266e-01 -5.24011075e-01  2.12357238e-01
 -1.06747253e-02 -5.14056265e-01 -1.37050748e-01 -2.21068859e-01
 -6.34771943e-01  5.29350877e-01 -4.71669972e-01 -3.69666182e-02
 -6.84010446e-01 -2.08744153e-01  1.78784356e-01 -4.23591524e-01
  5.49112797e-01 -4.70804237e-02 -9.09723520e-01 -2.87338704e-01
  5.82573533e-01 -3.49505395e-01 -1.79476365e-01  3.66288215e-01
 -5.75736046e-01 -1.50916964e-01 -1.43077835e-01  4.17003259e-02
 -4.14871097e-01 -2.31267467e-01 -4.92296629e-02 -2.13983953e-01
  5.69867194e-01  1.41185960e-02 -7.49109639e-03  8.73122990e-01
 -2.20011801e-01  3.37504119e-01 -3.69350016e-01  1.25471842e+00
  7.80608878e-02  5.23530878e-02 -6.80600345e-01  3.74680907e-01]"
CN(C)C1=CC=C(/N=N/C2=C(C(O)=O)C=CC=C2)C=C1,CN(C)c1ccc(/N=N/c2ccccc2C(=O)O)cc1,"[ 2.61651725e-01  7.09040344e-01  3.01685482e-01 -5.06035268e-01
  4.05462205e-01  2.83903062e-01  6.02882765e-02 -4.52752709e-01
 -2.79567689e-01 -9.70988423e-02 -3.79779190e-02 -7.06794798e-01
  1.38840333e-01 -1.59354299e-01 -4.23283786e-01  6.55856490e-01
  6.14097834e-01  4.21559215e-01  5.38549066e-01 -1.22736521e-01
  4.87474464e-02 -4.61504489e-01  5.19722700e-01  1.01442829e-01
 -4.07791436e-01  3.80399644e-01 -4.18335758e-02 -5.31385005e-01
  4.40859735e-01  1.65325090e-01 -3.58616322e-01 -1.80356562e-01
  9.42583382e-01 -3.00127506e-01 -1.14714643e-02 -6.84238388e-04
 -3.82003933e-01 -4.05582279e-01 -2.26588815e-01  3.45886737e-01
 -5.93549430e-01 -7.65106261e-01  5.49493372e-01  5.85107565e-01
 -2.95836508e-01  4.18026865e-01  8.30211997e-01 -1.70202315e-01
 -6.01012260e-02  3.07171762e-01 -3.25230747e-01 -1.79665357e-01
  4.07289863e-01 -4.11420465e-01  1.67255074e-01  2.54306912e-01
  1.37948543e-01 -1.34423822e-01  5.98545730e-01  3.01621854e-01
  2.07984466e-02  5.25950670e-01 -1.00757226e-01 -1.53546125e-01
 -1.22166082e-01 -2.28065595e-01 -6.14541292e-01 -2.31369197e-01
  7.81255290e-02  6.63683489e-02  4.27902013e-01 -2.99749434e-01
  5.54661334e-01  3.83318737e-02  4.13331181e-01  6.27446175e-03
  7.04093933e-01  3.55223358e-01  2.64649332e-01  1.14901870e-01
 -1.44312128e-01  3.85736451e-02 -1.58332169e-01  3.14434506e-02
 -7.87304938e-02  5.48147857e-01 -8.04312289e-01  8.48185644e-02
 -9.86917317e-02  3.26377869e-01 -1.75011083e-01 -6.93187356e-01
  1.01510450e-01  7.46786952e-01 -2.87435710e-01  5.10504663e-01
 -3.06472331e-01 -2.02331915e-02  3.56636673e-01  3.42192858e-01
 -9.47862208e-01  1.77405179e-01  4.67674397e-02  2.34981790e-01
  4.43292111e-01 -5.14776912e-03 -2.78846592e-01 -1.83595553e-01
 -1.38185963e-01 -1.86882108e-01 -1.48379728e-01  1.90611333e-01
 -2.05949647e-03 -6.75158501e-02  6.04068041e-01 -3.31576139e-01
  3.94623160e-01  1.03038892e-01  1.70714140e-01 -6.51308596e-01
 -6.68696344e-01 -2.02696264e-01  5.58287740e-01  2.32026830e-01
 -6.25842452e-01  6.97302222e-01  3.69825423e-01  4.44579870e-01
  6.45880163e-01  3.60798895e-01  5.60236514e-01 -8.27186465e-01
  4.38110143e-01  3.14470232e-01 -4.63115096e-01  2.71559268e-01
  5.99546969e-01 -2.01312050e-01  2.43739158e-01  1.09921512e-03
 -2.73933291e-01  4.90318149e-01 -3.33490342e-01 -6.64639235e-01
 -1.66158862e-02 -5.14036894e-01  3.01768839e-01 -2.90663600e-01
  1.41747162e-01  7.89849237e-02  5.49572289e-01  5.70444725e-02
 -1.85810640e-01 -3.79441440e-01  7.20773041e-02 -8.65310896e-03
  4.93966103e-01 -9.45181176e-02 -3.94828647e-01  6.48170888e-01
  3.87140960e-01 -7.04041898e-01  2.18768150e-01 -4.42710251e-01
 -4.73519191e-02  6.79044724e-01  2.89946735e-01  3.12344819e-01
 -2.57418454e-01  1.80634290e-01 -1.78907722e-01 -1.52955294e-01
 -3.89424503e-01  3.11959255e-02  5.17945945e-01  4.57592756e-01
 -2.65621185e-01 -1.85607359e-01  7.50581801e-01 -1.80552110e-01
 -3.82486761e-01  2.95054793e-01 -7.89043009e-02  4.04658437e-01
 -3.62049639e-01 -5.31421363e-01 -2.67223716e-01 -2.06280559e-01
  1.13503084e-01 -4.75819528e-01  3.86957318e-01  1.38392627e-01
  2.74999678e-01 -4.33511466e-01  3.33980143e-01  1.00348330e+00
 -8.00288394e-02 -1.33157164e-01 -2.08389997e-01  2.14793533e-01
 -1.19732611e-01  8.97784531e-01  2.27900580e-01 -3.91681522e-01
  2.16307536e-01  2.12721199e-01 -5.91894127e-02 -2.29403726e-03
  2.01910645e-01 -1.51430711e-01  2.05486238e-01 -1.48351461e-01
  4.93587703e-01  1.71328321e-01  7.58784533e-01 -8.19192231e-02
  2.10384220e-01 -1.18646733e-01 -5.79693258e-01 -2.91528881e-01
 -2.41517887e-01 -1.94660917e-01  3.79039019e-01  1.52116969e-01
 -5.16707420e-01 -2.40457058e-01  2.54461825e-01  3.05341389e-02
 -2.67793387e-01  1.51509091e-01 -1.40284207e-02  2.26366371e-01
 -2.25922335e-02  4.41527992e-01  5.15427172e-01 -2.59226747e-02
 -5.19267678e-01 -6.30604148e-01 -1.95289224e-01 -2.49541596e-01
  7.15084076e-02 -3.13106477e-01  5.16368330e-01  2.21858487e-01
  3.48204166e-01 -2.39564870e-02  2.66912580e-01 -6.23332858e-01
 -6.21468484e-01 -2.77037791e-04 -5.22342324e-01  3.10548544e-02
  3.12994979e-02 -6.46672845e-01  1.55631095e-01 -4.24894989e-01
  7.86165446e-02  4.19557691e-01  3.42828304e-01  6.66546673e-02
  1.03307240e-01 -6.99079514e-01  8.92946959e-01  3.35230887e-01
 -7.74408340e-01 -1.03573814e-01 -8.81588995e-01 -4.26483274e-01
  3.84893388e-01 -4.26124394e-01  1.59218088e-02  1.55962646e-01
  3.46235961e-01 -6.02646530e-01 -3.93381864e-02  7.80292647e-03
  7.04645216e-02  3.23934972e-01  5.61031699e-01  3.76189172e-01
 -1.80947810e-01  2.05773994e-01 -1.14623770e-01  5.59868515e-01
  5.73118865e-01 -2.03364193e-01 -5.43492854e-01 -2.59175956e-01
 -1.67825520e-01  1.24132998e-01 -2.87140340e-01  5.32862663e-01
  6.79175332e-02  3.70210648e-01  1.16258569e-01  1.34347990e-01
  5.93952537e-01  4.38201487e-01 -8.63868475e-01 -5.30888259e-01
 -4.08276021e-01 -1.94954500e-01  6.14770949e-01 -1.26667634e-01
  3.25737655e-01  9.01841968e-02 -6.83092773e-01  2.30691180e-01
  2.65439332e-01 -9.50601622e-02 -5.40307879e-01 -5.10182902e-02
  2.05889165e-01  4.80123729e-01 -5.51388919e-01 -6.02006376e-01
  8.05287510e-02 -2.97760129e-01  2.34203279e-01  5.25093734e-01
 -1.75802439e-01 -6.04301870e-01  1.41348779e-01  4.14636761e-01
  5.57718612e-03  2.65305638e-01  4.49449182e-01  4.14983302e-01
  6.07473433e-01  1.33808488e-02  3.47603634e-02  1.66951105e-01
 -3.61852527e-01 -9.39799026e-02 -1.10292211e-01 -2.22402170e-01
 -9.15954262e-02  3.96052003e-01  4.28311288e-01 -3.24127311e-03
  3.07357758e-01  2.62015700e-01  3.09924573e-01  4.71955806e-01
  3.24860632e-01 -2.87431061e-01  5.53163476e-02  1.25024095e-01
 -6.96843490e-02 -1.20126295e+00 -8.63545225e-04  5.46480007e-02
 -4.28162366e-01 -8.34242702e-01 -2.64933079e-01 -5.83698094e-01
 -5.10752916e-01  6.38351440e-01 -2.17635911e-02 -5.61898708e-01
 -1.20302312e-01  3.26531768e-01  2.38616228e-01  3.82434398e-01
 -9.13127512e-02  2.82859355e-01  1.28476545e-01 -1.87193215e-01
 -2.58848161e-01  8.56819674e-02 -5.74483871e-01  8.98027539e-01
 -5.91839433e-01  3.00469548e-01 -6.19673133e-01 -1.39136001e-01
 -3.93068194e-01 -8.06518123e-02  8.56401742e-01  5.38149416e-01
  1.62846014e-01 -4.08382475e-01 -5.21928072e-03 -2.74148136e-01
 -1.68702453e-01 -3.17721307e-01  2.00490743e-01  1.95789084e-01
 -8.77323568e-01 -3.26673299e-01 -2.50704914e-01 -5.18148959e-01
  1.56077206e-01  2.35961139e-01 -1.81176320e-01  1.75223857e-01
 -7.97643140e-02  4.73870754e-01  3.87688488e-01 -2.40371376e-01
  2.47094616e-01 -2.99450308e-01  1.28328113e-03 -6.12752251e-02
 -3.86698931e-01 -7.76721299e-01 -8.81363973e-02  3.41990516e-02
 -7.83524513e-01  3.43702286e-02  1.95293892e-02  2.40545347e-01
 -3.07568103e-01 -9.86969650e-01  4.64649171e-01  2.48210460e-01
  4.48481202e-01 -3.18188407e-02  2.87526757e-01 -4.48016226e-01
 -8.57177898e-02  1.15099467e-01  4.91742194e-01  3.12443674e-01
  1.70165636e-02  2.10047558e-01 -7.47766912e-01 -2.16196328e-01
 -5.93148351e-01  5.64057767e-01  3.70305061e-01 -2.37721279e-01
  4.82529521e-01 -2.52734005e-01  1.47737497e-02 -2.71997750e-01
 -4.63038772e-01  3.38668197e-01  4.92432654e-01 -4.90885437e-01
 -4.28526431e-01 -3.38829339e-01 -8.83429572e-02 -3.54138315e-01
 -5.43464363e-01 -4.54341829e-01  4.99023080e-01 -3.03929955e-01
  4.60899025e-01  2.39821464e-01 -3.06255758e-01  1.88938960e-01
 -8.84229243e-01  2.89828569e-01  9.89342928e-01 -4.83959049e-01
  3.72036695e-02  1.74178302e-01 -3.76707822e-01 -2.07275778e-01
  4.14649807e-02 -1.75436422e-01 -2.23577097e-01 -4.66124505e-01
  1.55222207e-01 -2.84632027e-01 -1.22787341e-01 -1.53082356e-01
  2.54881009e-02 -4.80139464e-01 -2.49099657e-01 -5.43240877e-03
  8.03670213e-02 -6.81455553e-01 -4.49366510e-01 -2.09584862e-01
  2.69960582e-01  1.73040538e-03 -4.28781450e-01 -6.72700644e-01
 -3.84445727e-01  3.43511882e-03  3.44476104e-01 -4.02720898e-01
  7.16890693e-01  4.25435841e-01 -2.75797635e-01 -4.66165513e-01
  2.29641691e-01  3.49354804e-01  1.79485977e-02  1.85319215e-01
 -3.07354987e-01  1.80944696e-01 -2.03478083e-01 -3.05869281e-01
  1.51983202e-01  2.14979634e-01 -6.36737868e-02  7.15499461e-01
  2.88080722e-01  1.55153856e-01 -4.35596824e-01  3.35472554e-01
  5.75628221e-01  9.27293375e-02  1.34661317e-01  6.20433271e-01
 -1.02676183e-01  1.26896471e-01 -3.67297292e-01 -6.36036694e-02
  3.36959362e-01 -7.49214470e-01 -1.31070867e-01 -6.25178099e-01
  5.87146096e-02  6.16593778e-01 -3.74810278e-01 -2.40440592e-01
  5.05338132e-01 -1.15546703e-01  1.24726124e-01 -2.32800081e-01
  2.62752980e-01  3.39111030e-01  2.76218534e-01  5.80512106e-01
 -2.25867644e-01  8.26198310e-02  2.43530497e-01  2.44818687e-01
  1.52935132e-01  7.18397021e-01 -2.46868461e-01 -7.73052335e-01
 -2.54859596e-01 -2.90558159e-01  3.65252554e-01 -3.65539849e-01
 -4.03030455e-01 -8.08457077e-01  3.78184110e-01  3.13545436e-01
  4.19672370e-01 -8.60998273e-01  9.02469605e-02 -3.64029378e-01
  5.97665668e-01  7.13357627e-01 -1.36245534e-01  4.57645267e-01
 -4.96111363e-01 -2.92112708e-01  2.15756208e-01 -4.88196582e-01
  4.03076768e-01 -2.62769014e-01 -2.82316983e-01 -5.32446951e-02
 -7.89674640e-01  1.53789014e-01 -6.55208156e-02 -4.32907462e-01
  2.05931664e-01  7.52648890e-01  4.77415830e-01 -1.82918996e-01
 -6.45102188e-02  1.85476199e-01  2.14572489e-01 -5.84545255e-01
  8.96983147e-02  3.40841711e-01 -3.98023158e-01  9.20507014e-01
  1.18545376e-01 -3.16044956e-01 -5.42797923e-01 -4.77333754e-01
  1.22573531e+00 -9.63596627e-03 -3.67517978e-01  1.18232764e-01
  8.06929290e-01 -2.38938332e-01 -1.84515223e-01 -1.03278711e-01
 -1.18988022e-01 -5.03702223e-01 -8.44397902e-01  9.48066637e-02
  1.44763082e-01 -1.89079687e-01  1.72259975e-02 -1.16817951e-01
 -2.62420952e-01  6.11959398e-01  5.46922147e-01  1.52406558e-01
 -7.70331100e-02 -3.49297702e-01 -4.23284382e-01  9.86232340e-01
  1.81999803e-03 -3.73619527e-01 -8.16744044e-02  2.89839413e-02
 -2.82215357e-01  6.31824791e-01 -1.00090885e+00 -9.54739332e-01
 -9.35845226e-02 -5.16754985e-01 -3.00590396e-01  1.50070995e-01
 -9.69223827e-02 -1.10082097e-01  4.44424562e-02 -2.75592685e-01
 -5.12476385e-01  1.13467979e+00  4.36308444e-01  2.52499759e-01
  1.12727553e-01 -2.04706132e-01 -7.13396370e-01  2.23040402e-01
 -6.17718279e-01 -3.44235629e-01  1.01392619e-01 -1.24814743e-02
  9.79739875e-02  4.36289936e-01  1.51552364e-01  9.33372825e-02
  3.17655243e-02 -8.21829587e-02  9.56161767e-02 -1.29472390e-01
 -8.32948834e-02  3.76806051e-01  3.97239745e-01  1.68113768e-01
  1.17617279e-01 -2.30065852e-01 -9.44303572e-02  3.54410917e-01
 -3.93435694e-02 -3.95284235e-01  5.03120303e-01 -2.82511741e-01
  2.34331101e-01  2.81368256e-01  9.62759137e-01  2.42091119e-02
 -2.24280357e-01 -6.18689299e-01 -2.20529079e-01 -2.41991188e-02
 -2.16465980e-01  4.07623686e-02 -2.12904230e-01  1.59166157e-01
 -1.52026504e-01  4.99464691e-01 -6.29266798e-02  1.87329188e-01
  2.01225653e-02  3.73774469e-01 -1.20776586e-01  7.06636608e-02
 -1.43634886e-01 -1.12985466e-02 -3.07535797e-01 -1.11938924e-01
 -3.38985324e-01 -2.91033626e-01  5.10730863e-01 -4.62464467e-02
  1.95268483e-03  1.20477848e-01 -4.68489006e-02 -2.93740213e-01
  2.64909685e-01  3.35301816e-01 -1.73256770e-01  3.33894521e-01
 -3.74224812e-01 -5.38823068e-01  2.44903654e-01 -5.12622297e-01
 -7.21520185e-01  1.00871049e-01 -2.76436299e-01  3.46641332e-01
  5.64569354e-01 -5.65906286e-01  4.24152434e-01  7.10844994e-01
  6.18686914e-01  1.04601693e+00 -1.93298142e-02  9.99759436e-02
  1.96552277e-03 -3.06808233e-01  5.63340485e-01  3.91964257e-01
 -6.96662068e-01  2.52339721e-01 -4.66302276e-01  7.84968317e-01
 -8.44003260e-01  6.29386485e-01 -5.45959212e-02  1.91241443e-01
  1.10948132e-02 -6.61363184e-01 -5.40660210e-02  9.17809546e-01
 -2.31354550e-01 -1.68132558e-01  4.62005675e-01 -1.79132715e-01
  3.14840674e-01  4.79560256e-01 -1.95837960e-01  2.81542242e-01
  2.44698394e-02 -5.03678083e-01  6.53583780e-02 -3.01288813e-01
 -6.20280921e-01  5.84027231e-01 -2.54605114e-01 -1.44963384e-01
 -5.61501563e-01 -3.62123340e-01  3.51228237e-01 -3.83185685e-01
  4.53707993e-01 -1.58217922e-01 -8.32503736e-01 -2.33648166e-01
  4.48799282e-01 -1.38598025e-01 -3.96188259e-01  4.12998378e-01
 -4.86433536e-01 -4.47280779e-02 -1.73400566e-01  7.42690265e-02
 -4.69365537e-01 -1.74028594e-02 -3.78425303e-03 -1.32473499e-01
  3.92717302e-01 -2.04657614e-01  1.04970172e-01  6.43894851e-01
 -1.91481858e-01  8.93737003e-02 -3.20838153e-01  1.18500817e+00
 -5.18377200e-02  9.77355689e-02 -7.21106172e-01  2.86943018e-01]"
